"eventkey","driver.personId","driver.countryId","driver.country.countryId","driver.country.name","driver.country.iso2","driver.country.iso3","driver.firstName","driver.lastName","driver.abbvName","driver.fullName","driver.code","codriver.personId","codriver.countryId","codriver.country.countryId","codriver.country.name","codriver.country.iso2","codriver.country.iso3","codriver.firstName","codriver.lastName","codriver.abbvName","codriver.fullName","codriver.code","manufacturer.manufacturerId","manufacturer.name","manufacturer.logoFilename","entrant.entrantId","entrant.name","entrant.logoFilename","group.groupId","group.name","entryId","eventId","driverId","codriverId","manufacturerId","entrantId","groupId","entryListOrder","identifier","vehicleModel","eligibility","priority","status","tyreManufacturer"
1746, 670, 76, 76,France,FR,FRA,Sébastien,OGIER,S. OGIER,Sébastien OGIER,OGI,3027, 76, 76,France,FR,FRA,Julien,INGRASSIA,J. INGRASSIA,Julien INGRASSIA,ING,84,Toyota,toyota,  91,TOYOTA GAZOO RACING WRT,NA, 10,WRC,23547,174, 670,3027,84,  91, 10, 1,"1","Yaris WRC","M","P1","Entry","None"
1746, 534,235,235,United Kingdom of Great Britain and Northern Ireland,GB,GBR,Elfyn,EVANS,E. EVANS,Elfyn EVANS,EVA, 553,235,235,United Kingdom of Great Britain and Northern Ireland,GB,GBR,Scott,MARTIN,S. MARTIN,Scott MARTIN,MAR,84,Toyota,toyota,  91,TOYOTA GAZOO RACING WRT,NA, 10,WRC,23548,174, 534, 553,84,  91, 10, 2,"33","Yaris WRC","M","P1","Entry","None"
1746, 762, 22, 22,Belgium,BE,BEL,Thierry,NEUVILLE,T. NEUVILLE,Thierry NEUVILLE,NEU, 851, 22, 22,Belgium,BE,BEL,Martijn,WYDAEGHE,M. WYDAEGHE,Martijn WYDAEGHE,WYD,33,Hyundai,hyundai, 166,HYUNDAI SHELL MOBIS WORLD RALLY TEAM,NA, 10,WRC,23549,174, 762, 851,33, 166, 10, 3,"11","i20 Coupé WRC","M","P1","Entry","None"
1746, 700, 75, 75,Finland,FI,FIN,Kalle,ROVANPERÄ,K. ROVANPERÄ,Kalle ROVANPERÄ,ROV, 587, 75, 75,Finland,FI,FIN,Jonne,HALTTUNEN,J. HALTTUNEN,Jonne HALTTUNEN,HAL,84,Toyota,toyota,  91,TOYOTA GAZOO RACING WRT,NA, 10,WRC,23550,174, 700, 587,84,  91, 10, 4,"69","Yaris WRC","M","P1","Entry","None"
1746, 524, 70, 70,Estonia,EE,EST,Ott,TÄNAK,O. TÄNAK,Ott TÄNAK,TÄN, 525, 70, 70,Estonia,EE,EST,Martin,JÄRVEOJA,M. JÄRVEOJA,Martin JÄRVEOJA,JAR,33,Hyundai,hyundai, 166,HYUNDAI SHELL MOBIS WORLD RALLY TEAM,NA, 10,WRC,23551,174, 524, 525,33, 166, 10, 5,"8","i20 Coupé WRC","M","P1","Entry","None"
1746, 785,112,112,Japan,JP,JPN,Takamoto,KATSUTA,T. KATSUTA,Takamoto KATSUTA,KAT,5366,235,235,United Kingdom of Great Britain and Northern Ireland,GB,GBR,Keaton,WILLIAMS,K. WILLIAMS,Keaton WILLIAMS,WIL,84,Toyota,toyota,  91,TOYOTA GAZOO RACING WRT,NA, 10,WRC,23552,174, 785,5366,84,  91, 10, 6,"18","Yaris WRC","None","P1","NonStarter","None"
1746, 628,235,235,United Kingdom of Great Britain and Northern Ireland,GB,GBR,Gus,GREENSMITH,G. GREENSMITH,Gus GREENSMITH,GRE,2061,107,107,Ireland,IE,IRL,Chris,PATTERSON,C. PATTERSON,Chris PATTERSON,PAT,26,Ford,ford,  94,M-SPORT FORD WORLD RALLY TEAM,NA, 10,WRC,23553,174, 628,2061,26,  94, 10, 7,"44","Fiesta WRC","M","P1","Entry","None"
1746, 542,209,209,Spain,ES,ESP,Dani,SORDO,D. SORDO,Dani SORDO,SOR,3150,209,209,Spain,ES,ESP,Candido,CARRERA,C. CARRERA,Candido CARRERA,CAR,33,Hyundai,hyundai, 166,HYUNDAI SHELL MOBIS WORLD RALLY TEAM,NA, 10,WRC,23554,174, 542,3150,33, 166, 10, 8,"6","i20 Coupé WRC","M","P1","Entry","None"
1746,4676, 76, 76,France,FR,FRA,Adrien,FOURMAUX,A. FOURMAUX,Adrien FOURMAUX,FOU,4677, 22, 22,Belgium,BE,BEL,Renaud,JAMOUL,R. JAMOUL,Renaud JAMOUL,JAM,26,Ford,ford,  94,M-SPORT FORD WORLD RALLY TEAM,NA, 10,WRC,23555,174,4676,4677,26,  94, 10, 9,"16","Fiesta WRC","M","P1","Entry","None"
1746,2469, 76, 76,France,FR,FRA,Pierre-Louis,LOUBET,P. LOUBET,Pierre-Louis LOUBET,LOU,7284, 76, 76,France,FR,FRA,Florian,HAUT-LABOURDETTE,F. HAUT-LABOURDETTE,Florian HAUT-LABOURDETTE,HAU,33,Hyundai,hyundai,1431,HYUNDAI 2C COMPETITION,, 10,WRC,23556,174,2469,7284,33,1431, 10,10,"7","i20 Coupé WRC","MT","P1","Retired","None"
1746,3125, 86, 86,Greece,GR,GRC,Jourdan,SERDERIDIS,J. SERDERIDIS,Jourdan SERDERIDIS,SER,3126, 22, 22,Belgium,BE,BEL,Frédéric,MICLOTTE,F. MICLOTTE,Frédéric MICLOTTE,MIC,26,Ford,ford,  94,M-SPORT FORD WORLD RALLY TEAM,NA, 10,WRC,23557,174,3125,3126,26,  94, 10,11,"9","Fiesta WRC","M","P1","Entry","None"
1746, 538,166,166,Norway,NO,NOR,Andreas,MIKKELSEN,A. MIKKELSEN,Andreas MIKKELSEN,MIK,4078,235,235,United Kingdom of Great Britain and Northern Ireland,GB,GBR,Elliott,EDMONDSON,E. EDMONDSON,Elliott EDMONDSON,EDM,77,Skoda,skoda, 186,TOKSPORT WRT,NA, 98,Rally2,23558,174, 538,4078,77, 186, 98,12,"20","Fabia Evo","WRC2","P2","Entry","None"
1746, 770,166,166,Norway,NO,NOR,Mads,OSTBERG,M. OSTBERG,Mads OSTBERG,OST, 771,166,166,Norway,NO,NOR,Torstein,ERIKSEN,T. ERIKSEN,Torstein ERIKSEN,ERI,13,Citroen,citroen,1587,TRT WORLD RALLY TEAM,, 98,Rally2,23559,174, 770, 771,13,1587, 98,13,"21","C3","WRC2DC","P2","Rejoined","None"
1746,1253, 27, 27,Bolivia (Plurinational State of),BO,BOL,Marco,BULACIA,M. BULACIA,Marco BULACIA,BUL,6815, 11, 11,Argentina,AR,ARG,Marcelo,DER OHANNESIAN,M. DER OHANNESIAN,Marcelo DER OHANNESIAN,DER,77,Skoda,skoda, 186,TOKSPORT WRT,NA, 98,Rally2,23560,174,1253,6815,77, 186, 98,14,"22","Fabia Evo","WRC2","P2","Entry","None"
1746,4759,291,291,RAF,RA,RAF,Nikolay,GRYAZIN,N. GRYAZIN,Nikolay GRYAZIN,GRY,5634,291,291,RAF,RA,RAF,Konstantin,ALEKSANDROV,K. ALEKSANDROV,Konstantin ALEKSANDROV,ALE,26,Ford,ford,1525,MOVISPORT,, 98,Rally2,23561,174,4759,5634,26,1525, 98,15,"23","Fiesta Mk II","WRC2DC","P2","Entry","None"
1746, 566, 75, 75,Finland,FI,FIN,Teemu,SUNINEN,T. SUNINEN,Teemu SUNINEN,SUN, 567, 75, 75,Finland,FI,FIN,Mikko,MARKKULA,M. MARKKULA,Mikko MARKKULA,MAR,26,Ford,ford,  94,M-SPORT FORD WORLD RALLY TEAM,NA, 98,Rally2,23562,174, 566, 567,26,  94, 98,16,"24","Fiesta Mk II","WRC2","P2","NonStarter","None"
1746,2462, 60, 60,Czech Republic,CZ,CZE,Martin,PROKOP,M. PROKOP,Martin PROKOP,PRO,6124, 60, 60,Czech Republic,CZ,CZE,Michal,ERNST,M. ERNST,Michal ERNST,ERN,26,Ford,ford,  94,M-SPORT FORD WORLD RALLY TEAM,NA, 98,Rally2,23563,174,2462,6124,26,  94, 98,17,"25","Fiesta Mk II","WRC2DC","P2","Entry","None"
1746,4777,236,236,United States of America,US,USA,Sean,JOHNSTON,S. JOHNSTON,Sean JOHNSTON,JOH,5648,236,236,United States of America,US,USA,Alexander,KIHURANI,A. KIHURANI,Alexander KIHURANI,KIH,13,Citroen,citroen,1439,SAINTELOC JUNIOR TEAM,, 98,Rally2,23564,174,4777,5648,13,1439, 98,18,"26","C3","WRC2","P2","Entry","None"
1746,5155, 70, 70,Estonia,EE,EST,Georg,LINNAMÄE,G. LINNAMÄE,Georg LINNAMÄE,LIN,4080,235,235,United Kingdom of Great Britain and Northern Ireland,GB,GBR,James,MORGAN,J. MORGAN,James MORGAN,MOR,77,Skoda,skoda,1200,ALM MOTORSPORT,, 98,Rally2,23565,174,5155,4080,77,1200, 98,19,"27","Fabia Evo","WRC2DC","P2","Entry","None"
1746,5357,215,215,Sweden,SE,SWE,Oliver,SOLBERG,O. SOLBERG,Oliver SOLBERG,SOL,5507,107,107,Ireland,IE,IRL,Aaron,JOHNSTON,A. JOHNSTON,Aaron JOHNSTON,JOH,33,Hyundai,hyundai,1357,HYUNDAI MOTORSPORT N,, 98,Rally2,23566,174,5357,5507,33,1357, 98,20,"28","i20 N Rally2","WRC2DC","P2","Retired","None"
1746,7875, 40, 40,Canada,CA,CAN,Leonid,URLICHICH,L. URLICHICH,Leonid URLICHICH,URL,4095,235,235,United Kingdom of Great Britain and Northern Ireland,GB,GBR,Tom,WOODBURN,T. WOODBURN,Tom WOODBURN,WOO,13,Citroen,citroen,1439,SAINTELOC JUNIOR TEAM,, 98,Rally2,23567,174,7875,4095,13,1439, 98,21,"29","C3","WRC2","P2","Entry","None"
1746,4727, 76, 76,France,FR,FRA,Yohan,ROSSEL,Y. ROSSEL,Yohan ROSSEL,ROS,4945, 76, 76,France,FR,FRA,Alexandre,CORIA,A. CORIA,Alexandre CORIA,COR,13,Citroen,citroen,1528,YOHAN ROSSEL,, 98,Rally2,23568,174,4727,4945,13,1528, 98,22,"30","C3","WRC3","P3","Excluded","None"
1746,2475,177,177,Poland,PL,POL,Kajetan,KAJETANOWICZ,K. KAJETANOWICZ,Kajetan KAJETANOWICZ,KAJ,3144,177,177,Poland,PL,POL,Maciej,SZCZEPANIAK,M. SZCZEPANIAK,Maciej SZCZEPANIAK,SZC,77,Skoda,skoda,1136,KAJETAN KAJETANOWICZ,, 98,Rally2,23569,174,2475,3144,77,1136, 98,23,"31","Fabia Evo","WRC3","P3","Entry","None"
1746,4776,173,173,Paraguay,PY,PRY,Fabrizio,ZALDIVAR,F. ZALDIVAR,Fabrizio ZALDIVAR,ZAL, 543,209,209,Spain,ES,ESP,Carlos,DEL BARRIO,C. DEL BARRIO,Carlos DEL BARRIO,DEL,77,Skoda,skoda,1024,FABRIZIO ZALDIVAR,, 98,Rally2,23570,174,4776, 543,77,1024, 98,24,"32","Fabia Evo","WRC3","P3","Rejoined","None"
1746,3230,235,235,United Kingdom of Great Britain and Northern Ireland,GB,GBR,Chris,INGRAM,C. INGRAM,Chris INGRAM,ING,3231,235,235,United Kingdom of Great Britain and Northern Ireland,GB,GBR,Ross,WHITTOCK,R. WHITTOCK,Ross WHITTOCK,WHI,77,Skoda,skoda,1588,CHRIS INGRAM,, 98,Rally2,23571,174,3230,3231,77,1588, 98,25,"34","Fabia Evo","WRC3","P3","Entry","None"
1746,3049, 75, 75,Finland,FI,FIN,Emil,LINDHOLM,E. LINDHOLM,Emil LINDHOLM,LIN, 798, 75, 75,Finland,FI,FIN,Reeta,HÄMÄLÄINEN,R. HÄMÄLÄINEN,Reeta HÄMÄLÄINEN,HÄM,77,Skoda,skoda,1013,EMIL LINDHOLM,, 98,Rally2,23572,174,3049, 798,77,1013, 98,26,"35","Fabia Evo","WRC3","P3","Entry","None"
1746,7437,177,177,Poland,PL,POL,Daniel,CHWIST,D. CHWIST,Daniel CHWIST,CHW,4757,177,177,Poland,PL,POL,Kamil,HELLER,K. HELLER,Kamil HELLER,HEL,33,Hyundai,hyundai,1670,DANIEL CHWIST,, 98,Rally2,23573,174,7437,4757,33,1670, 98,27,"36","i20 NG","WRC3","P3","NonStarter","None"
1746,3062, 45, 45,Chile,CL,CHL,EMILIO,FERNÁNDEZ,E. FERNÁNDEZ,EMILIO FERNÁNDEZ,FER,2055, 11, 11,Argentina,AR,ARG,Ruben,GARCIA,R. GARCIA,Ruben GARCIA,GAR,77,Skoda,skoda, 202,EMILIO FERNÁNDEZ,NA, 98,Rally2,23574,174,3062,2055,77, 202, 98,28,"37","Fabia Evo","WRC3","P3","NonStarter","None"
1746,2052, 45, 45,Chile,CL,CHL,Alberto,HELLER,A. HELLER,Alberto HELLER,HEL,1263,209,209,Spain,ES,ESP,Marc,MARTI,M. MARTI,Marc MARTI,MAR,13,Citroen,citroen,1061,ALBERTO HELLER,NA, 98,Rally2,23575,174,2052,1263,13,1061, 98,29,"38","C3","WRC3","P3","NonStarter","None"
1746,5293,209,209,Spain,ES,ESP,Miguel,DIAZ ABOITIZ,M. DIAZ ABOITIZ,Miguel DIAZ ABOITIZ,DIA,4531,209,209,Spain,ES,ESP,Diego,SANJUAN,D. SANJUAN,Diego SANJUAN,SAN,77,Skoda,skoda,1255,MIGUEL DIAZ ABOITIZ,, 98,Rally2,23576,174,5293,4531,77,1255, 98,30,"39","Fabia Evo","WRC3","P3","Rejoined","None"
1746,7876, 86, 86,Greece,GR,GRC,Lambros,ATHANASSOULAS,L. ATHANASSOULAS,Lambros ATHANASSOULAS,ATH,7877, 86, 86,Greece,GR,GRC,Nikolaos,ZAKCHAIOS,N. ZAKCHAIOS,Nikolaos ZAKCHAIOS,ZAK,33,Hyundai,hyundai,1749,LAMBROS ATHANASSOULAS,, 98,Rally2,23577,174,7876,7877,33,1749, 98,31,"40","i20 N Rally2","WRC3","P3","Rejoined","None"
1746,7878, 59, 59,Cyprus,CY,CYP,Alex,TSOULOFTAS,A. TSOULOFTAS,Alex TSOULOFTAS,TSO,7879, 59, 59,Cyprus,CY,CYP,Stelios,ELIA,S. ELIA,Stelios ELIA,ELI,87,Volkswagen,volkswagen,1750,ALEX TSOULOFTAS,, 98,Rally2,23578,174,7878,7879,87,1750, 98,32,"41","Polo GTI","WRC3","P3","Retired","None"
1746,2495,110,110,Italy,IT,ITA,Fabrizio,ARENGI BENTIVOGLIO,F. ARENGI BENTIVOGLIO,Fabrizio ARENGI BENTIVOGLIO,ARE,5219,110,110,Italy,IT,ITA,Massimiliano,BOSI,M. BOSI,Massimiliano BOSI,BOS,77,Skoda,skoda, 566,FABRIZIO ARENGI BENTIVOGLIO,NA, 98,Rally2,23579,174,2495,5219,77, 566, 98,33,"42","Fabia","WRC3","P3","NonStarter","None"
1746,4088, 32, 32,Brazil,BR,BRA,Paulo,NOBRE,P. NOBRE,Paulo NOBRE,NOB,4089, 32, 32,Brazil,BR,BRA,Gabriel,MORALES,G. MORALES,Gabriel MORALES,MOR,77,Skoda,skoda,1137,PAULO NOBRE,, 98,Rally2,23580,174,4088,4089,77,1137, 98,34,"43","Fabia","WRC3","P3","Entry","None"
1746,7880, 86, 86,Greece,GR,GRC,Georgios,KECHAGIAS,G. KECHAGIAS,Georgios KECHAGIAS,KEC,7881, 86, 86,Greece,GR,GRC,Marios,TSAOUSOGLOU,M. TSAOUSOGLOU,Marios TSAOUSOGLOU,TSA,77,Skoda,skoda,1751,GEORGIOS KECHAGIAS,, 98,Rally2,23581,174,7880,7881,77,1751, 98,35,"45","Fabia Evo","WRC3","P3","Entry","None"
1746,7882, 86, 86,Greece,GR,GRC,Panagiotis,ROUSTEMIS,P. ROUSTEMIS,Panagiotis ROUSTEMIS,ROU,7883, 86, 86,Greece,GR,GRC,Konstantinos,NIKOLOPOULOS,K. NIKOLOPOULOS,Konstantinos NIKOLOPOULOS,NIK,13,Citroen,citroen,1752,PANAGIOTIS ROUSTEMIS,, 98,Rally2,23582,174,7882,7883,13,1752, 98,36,"46","DS3","WRC3","P3","Entry","None"
1746,7884, 86, 86,Greece,GR,GRC,Panagiotis,CHATZITSOPANIS,P. CHATZITSOPANIS,Panagiotis CHATZITSOPANIS,CHA,7885, 86, 86,Greece,GR,GRC,Nikos,PETROPOULOS,N. PETROPOULOS,Nikos PETROPOULOS,PET,26,Ford,ford,1753,PANAGIOTIS CHATZITSOPANIS,, 98,Rally2,23583,174,7884,7885,26,1753, 98,37,"47","Fiesta Mk II","WRC3","P3","Rejoined","None"
1746,7886, 86, 86,Greece,GR,GRC,Vasileios,VELANIS,V. VELANIS,Vasileios VELANIS,VEL,7887, 86, 86,Greece,GR,GRC,Ioannis,VELANIS,I. VELANIS,Ioannis VELANIS,VEL,77,Skoda,skoda,1754,VASILEIOS VELANIS,, 98,Rally2,23584,174,7886,7887,77,1754, 98,38,"48","Fabia Evo","WRC3","P3","Entry","None"
1746,7888, 86, 86,Greece,GR,GRC,Ioannis,PLAGOS,I. PLAGOS,Ioannis PLAGOS,PLA,7889, 86, 86,Greece,GR,GRC,Alkiviadis,RENTIS,A. RENTIS,Alkiviadis RENTIS,REN,13,Citroen,citroen,1755,IOANNIS PLAGOS,, 98,Rally2,23585,174,7888,7889,13,1755, 98,39,"49","C3","WRC3","P3","Entry","None"
1746,7890, 86, 86,Greece,GR,GRC,Spyridon,GALERAKIS,S. GALERAKIS,Spyridon GALERAKIS,GAL,7891, 86, 86,Greece,GR,GRC,Konstantinos,SOUKOULIS,K. SOUKOULIS,Konstantinos SOUKOULIS,SOU,77,Skoda,skoda,1756,SPYRIDON GALERAKIS,, 98,Rally2,23586,174,7890,7891,77,1756, 98,40,"50","Fabia","WRC3","P3","NonStarter","None"
1746,7892, 59, 59,Cyprus,CY,CYP,Simos,GALATARIOTIS,S. GALATARIOTIS,Simos GALATARIOTIS,GAL,7893, 59, 59,Cyprus,CY,CYP,Antonios,IOANNOU,A. IOANNOU,Antonios IOANNOU,IOA,87,Volkswagen,volkswagen,1757,SIMOS GALATARIOTIS,, 98,Rally2,23587,174,7892,7893,87,1757, 98,41,"51","Polo GTI","None","None","Entry","None"
1746,7894, 86, 86,Greece,GR,GRC,Efthymios,CHALKIAS,E. CHALKIAS,Efthymios CHALKIAS,CHA,7895, 86, 86,Greece,GR,GRC,Andreas,VIGKOS,A. VIGKOS,Andreas VIGKOS,VIG,26,Ford,ford,1758,EFTHYMIOS CHALKIAS,, 98,Rally2,23588,174,7894,7895,26,1758, 98,42,"52","Fiesta","None","None","Entry","None"
1746,7896, 59, 59,Cyprus,CY,CYP,Petros,PANTELI,P. PANTELI,Petros PANTELI,PAN,7897, 59, 59,Cyprus,CY,CYP,Pambos,LAOS,P. LAOS,Pambos LAOS,LAO,13,Citroen,citroen,1759,PETROS PANTELI,, 98,Rally2,23589,174,7896,7897,13,1759, 98,43,"53","DS3","None","None","Entry","None"
1746,7173, 76, 76,France,FR,FRA,Yannick,PANAGIOTIS,Y. PANAGIOTIS,Yannick PANAGIOTIS,PAN,7174, 76, 76,France,FR,FRA,Valérie,PANAGIOTIS,V. PANAGIOTIS,Valérie PANAGIOTIS,PAN,13,Citroen,citroen,1597,YANNICK PANAGIOTIS,, 98,Rally2,23590,174,7173,7174,13,1597, 98,44,"54","C3","None","None","Entry","None"
1746,7898, 86, 86,Greece,GR,GRC,Panagiotis,ILIOPOULOS,P. ILIOPOULOS,Panagiotis ILIOPOULOS,ILI,7899, 86, 86,Greece,GR,GRC,Nikolaos,INTZOGLOU,N. INTZOGLOU,Nikolaos INTZOGLOU,INT,77,Skoda,skoda,1760,PANAGIOTIS ILIOPOULOS,, 98,Rally2,23591,174,7898,7899,77,1760, 98,45,"55","Fabia","None","None","Rejoined","None"
1746,7699, 22, 22,Belgium,BE,BEL,Filip,PYCK,F. PYCK,Filip PYCK,PYC,7700, 22, 22,Belgium,BE,BEL,Peter,DEHOUCK,P. DEHOUCK,Peter DEHOUCK,DEH,77,Skoda,skoda,1717,FILIP PYCK,, 98,Rally2,23592,174,7699,7700,77,1717, 98,46,"56","Fabia","None","None","Entry","None"
1746,7900, 86, 86,Greece,GR,GRC,Dionysios,SPANOS,D. SPANOS,Dionysios SPANOS,SPA,7901, 86, 86,Greece,GR,GRC,Sotiris,GOTOVOS,S. GOTOVOS,Sotiris GOTOVOS,GOT,77,Skoda,skoda,1761,OLKI SPORT RALLYING,, 98,Rally2,23593,174,7900,7901,77,1761, 98,47,"57","Fabia","None","None","Entry","None"
1746,5725, 14, 14,Australia,AU,AUS,Molly,TAYLOR,M. TAYLOR,Molly TAYLOR,TAY, 765,235,235,United Kingdom of Great Britain and Northern Ireland,GB,GBR,Sebastian,MARSHALL,S. MARSHALL,Sebastian MARSHALL,MAR,26,Ford,ford,1676,M-SPORT POLAND,,121,Rally3,23594,174,5725, 765,26,1676,121,48,"58","Fiesta ST Rally3","None","None","Retired","None"
1746,7902, 86, 86,Greece,GR,GRC,Nikolaos,ZIOVAS,N. ZIOVAS,Nikolaos ZIOVAS,ZIO,7903, 86, 86,Greece,GR,GRC,Christos,KOUZIONIS,C. KOUZIONIS,Christos KOUZIONIS,KOU,26,Ford,ford,1762,NIKOLAOS ZIOVAS,,121,Rally3,23595,174,7902,7903,26,1762,121,49,"59","Fiesta ST Rally3","None","None","Entry","None"
1746,7904, 86, 86,Greece,GR,GRC,Epameinondas,KARANIKOLAS,E. KARANIKOLAS,Epameinondas KARANIKOLAS,KAR,7905, 86, 86,Greece,GR,GRC,George,VASSILAKIS,G. VASSILAKIS,George VASSILAKIS,VAS,26,Ford,ford,1763,CAR CENTER,, 98,Rally2,23596,174,7904,7905,26,1763, 98,50,"60","Fiesta","None","None","Rejoined","None"
1746,7906, 86, 86,Greece,GR,GRC,Savvas,LEFKADITIS,S. LEFKADITIS,Savvas LEFKADITIS,LEF,7907, 86, 86,Greece,GR,GRC,Konstantinos,KONTOS,K. KONTOS,Konstantinos KONTOS,KON,65,Peugeot,peugeot,1764,PEUGEOT GALLO S.A,, 99,Rally4,23597,174,7906,7907,65,1764, 99,51,"61","208 Rally4","None","None","Rejoined","None"
1746,7908, 59, 59,Cyprus,CY,CYP,Loizos,PAPAGEORGIOU,L. PAPAGEORGIOU,Loizos PAPAGEORGIOU,PAP,7909, 86, 86,Greece,GR,GRC,Koygias,VASILEIOS,K. VASILEIOS,Koygias VASILEIOS,VAS,65,Peugeot,peugeot,1765,LOIZOS PAPAGEORGIOU,, 99,Rally4,23598,174,7908,7909,65,1765, 99,52,"62","208 Rally 4","None","None","Entry","None"
1746,7910, 86, 86,Greece,GR,GRC,Stefanos,THEOCHAROPOULOS,S. THEOCHAROPOULOS,Stefanos THEOCHAROPOULOS,THE,7911, 86, 86,Greece,GR,GRC,Giorgos,KOTSALIS,G. KOTSALIS,Giorgos KOTSALIS,KOT,26,Ford,ford,1766,STEFANOS THEOCHAROPOULOS,,132,Rally4 - R2,23599,174,7910,7911,26,1766,132,53,"63","Fiesta","None","None","Entry","None"
1746, 626,110,110,Italy,IT,ITA,Carlo,COVI,C. COVI,Carlo COVI,COV,5545,110,110,Italy,IT,ITA,Michela,LORIGIOLA,M. LORIGIOLA,Michela LORIGIOLA,LOR,65,Peugeot,peugeot, 572,CARLO COVI,NA,132,Rally4 - R2,23600,174, 626,5545,65, 572,132,54,"64","208","None","None","Entry","None"
1746,7912, 86, 86,Greece,GR,GRC,Harisis,KALTSOUNIS,H. KALTSOUNIS,Harisis KALTSOUNIS,KAL,7913, 86, 86,Greece,GR,GRC,Andreas,PERIDIS,A. PERIDIS,Andreas PERIDIS,PER,62,Opel,opel,1767,HARISIS KALTSOUNIS,,132,Rally4 - R2,23601,174,7912,7913,62,1767,132,55,"65","Adam","None","None","Retired","None"
